,peak_Jan21_to_Oct23,latest_Jan21_to_2026-09,ytd_2026
Treasury 10y (DGS10),3.72,3.91,0.78
Cleveland: expected nominal path,3.01,3.51,0.73
Cleveland: premia (real + infl),0.36,0.23,0.09
Cleveland: model residual,0.35,0.17,-0.05
Cleveland: expected real path,2.03,2.31,0.49
Cleveland: expected inflation,0.98,1.19,0.24
ACM: expected nominal path,2.87,2.57,0.72
ACM: term premium,0.91,1.31,-0.02
ACM: fitted 10y yield,3.78,3.89,0.7
TIPS: real yield (DFII10),3.41,3.64,0.73
TIPS: breakeven (T10YIE),0.3,0.27,0.04
