date,exp_real_path_10Y,exp_infl_10Y,real_risk_prem_10Y,infl_risk_prem_10Y,cleveland_resid,spread,total
2021-01-01,0.0,0.0,0.0,0.0,0.0,0.0,0.0
2021-02-01,0.00019771000000012862,0.04815213000000007,0.003995699999999935,0.009063259999999962,0.11543330526315798,-0.10184210526315773,0.07500000000000018
2021-03-01,0.21001727999999997,0.11797974999999994,0.03750680000000006,0.017783879999999974,0.14652922363844412,-0.1823169336384438,0.34750000000000014
2021-04-01,0.31974864999999997,0.2037232200000001,0.03331550000000005,-0.011169980000000024,0.008329978421052653,-0.22894736842105257,0.3250000000000002
2021-05-01,0.26565179000000017,0.19892917,0.006313000000000013,-0.03182709,0.10088049842105251,-0.3124473684210527,0.22750000000000004
2021-06-01,0.25094375999999996,0.21686465999999993,-0.021591399999999927,-0.057069460000000016,0.04889071751196217,-0.1980382775119618,0.2400000000000002
2021-07-01,0.28220719000000005,0.24538689000000002,-0.012148899999999907,-0.037969980000000014,-0.23995640300751853,-0.10451879699248146,0.133
2021-08-01,0.036075120000000016,0.2007390899999999,-0.062076699999999985,-0.004994710000000013,0.032386386602871076,-0.09462918660287056,0.10750000000000037
2021-09-01,0.05661734000000007,0.2633620699999999,-0.016331000000000095,0.0006577899999999914,-0.010596926817042274,-0.12870927318295755,0.16500000000000004
2021-10-01,0.32708935000000006,0.23331567000000009,-0.004170999999999925,-0.002632910000000044,-0.052153741578947255,-0.16894736842105273,0.3325
2021-11-01,0.38701538999999996,0.37907263,0.011999700000000058,-0.012453380000000014,-0.287186971578947,-0.14594736842105283,0.3325
2021-12-01,0.32306608000000003,0.37955121,0.0036403000000000407,-0.01028422000000001,-0.31202600157894755,-0.020947368421052603,0.363
2022-01-01,0.51593541,0.41713965,0.038576900000000025,0.01000831999999996,-0.2987129115789473,0.02705263157894766,0.7100000000000004
2022-02-01,0.6276512000000002,0.5416978400000001,0.048958899999999916,0.010278379999999976,-0.3754284252631579,0.1743421052631582,1.0275000000000003
2022-03-01,0.5880072300000001,0.56779256,-0.005900100000000075,-0.05075353000000005,-0.05237270462242538,0.39022654462242534,1.4369999999999998
2022-04-01,0.9352526800000002,0.83183027,0.24916479999999996,0.11720294999999997,-0.467003331578947,0.5810526315789473,2.2475
2022-05-01,1.1698881700000001,0.9909707699999999,0.2690268,0.12213667,-0.7349798034837094,0.6779573934837086,2.4949999999999997
2022-06-01,1.0801137200000002,1.02183997,0.17999699999999996,0.07411945999999997,-0.2937894482456138,0.7247192982456141,2.7870000000000004
2022-07-01,1.1542070400000002,0.8431493299999999,0.14298509999999998,-0.025534970000000046,-0.29985913157894695,0.8625526315789471,2.6774999999999998
2022-08-01,0.9894695100000002,0.7201676800000001,0.10117299999999996,0.004579959999999994,0.001383305377574029,0.6707265446224258,2.4875000000000003
2022-09-01,1.2101455900000002,0.9865654100000001,0.22912029999999994,0.11678596000000002,-0.10462227253132816,0.9390050125313281,3.3770000000000002
2022-10-01,1.7182437400000001,0.9913850999999998,0.3141054999999999,0.16441069000000003,-0.2856976615789466,1.2625526315789475,4.165000000000001
2022-11-01,1.83461596,1.0752461400000002,0.3311143000000001,0.16540905,-0.5964380815789481,1.2600526315789475,4.07
2022-12-01,1.5771363600000001,0.83995384,0.23400599999999994,0.10240673,-0.21836508538847132,1.0938621553884713,3.629
2023-01-01,1.79167188,0.9061854300000001,0.22644430000000004,0.10440542999999997,-0.5782596715789481,1.0870526315789475,3.5375
2023-02-01,1.50790068,0.72631556,0.14731870000000002,0.06183315,0.22242138368421038,0.8567105263157899,3.5225000000000004
2023-03-01,1.98980147,0.8792002899999998,0.30485209999999996,0.17960437999999995,-0.7714673933180771,1.2270091533180774,3.8089999999999997
2023-04-01,1.4868934700000003,0.72406429,0.19203759999999992,0.11201802999999994,-0.13606602157894754,1.2285526315789468,3.6074999999999995
2023-05-01,1.56556607,0.7833907699999998,0.20635519999999996,0.11749340000000003,-0.1802217079425832,1.1974162679425835,3.69
2023-06-01,1.34901888,0.3754729400000001,-0.053370600000000046,-0.35537217200000004,1.351293558516291,1.3119573934837094,3.9790000000000005
2023-07-01,1.52008041,0.6845893399999998,0.14098410000000006,-0.20759614,0.6803896584210527,1.2865526315789475,4.105
2023-08-01,1.6641707,0.7593417,0.1729419000000001,-0.11627611000000004,0.6065952653775741,1.2502265446224257,4.337
2023-09-01,1.73968665,0.8427942799999999,0.1950381000000001,-0.03517152000000001,0.5555998584210529,1.167052631578948,4.465
2023-10-01,2.0252687700000003,0.98323928,0.29220920000000006,0.06668918999999995,0.34963616651629215,1.1679573934837089,4.885
2023-11-01,2.05300525,1.0046900200000002,0.27634059999999994,0.09530907,-0.007540428721805714,1.285195488721805,4.707000000000001
2023-12-01,1.73429088,0.8989864900000002,0.18162539999999994,0.08917303999999998,0.03487155842105283,1.1410526315789473,4.08
2024-01-01,1.76012916,0.7850834200000001,0.15575950000000005,0.08586020999999999,0.1902103165162905,0.930457393483709,3.9075
2024-02-01,1.72535551,0.7667771200000002,0.12648480000000006,0.06685968999999997,0.44097024842105315,0.9145526315789476,4.041
2024-03-01,1.99149849,0.83932886,0.16948800000000008,0.11703740999999995,0.010094608421053142,0.9575526315789478,4.085000000000001
2024-04-01,1.99700267,0.9635375099999999,0.1762085,0.11287359000000002,0.20841600751196188,0.799461722488038,4.2575
2024-05-01,2.11959039,1.07207728,0.21882559999999995,0.12370319999999996,-0.13297637430621956,0.9237799043062196,4.324999999999999
2024-06-01,2.05515222,0.9876398199999998,0.17943170000000008,0.08945582999999996,-0.08746904368421093,0.9582894736842114,4.182500000000001
2024-07-01,2.10773514,0.9887621899999999,0.175678,0.09703300999999998,-0.20162460794258275,0.9449162679425835,4.112500000000001
2024-08-01,1.79605715,0.7846447700000001,0.10314990000000002,0.060362349999999954,0.045642289330143804,0.9751435406698568,3.765
2024-09-01,1.7338836000000002,0.74508284,0.08271429999999991,0.05709095999999997,0.02367566842105262,0.8025526315789471,3.445
2024-10-01,1.65765235,0.73686699,0.05751320000000004,0.026357519999999968,0.5360118538755976,0.6785980861244025,3.693
2024-11-01,1.97306539,0.95273995,0.22036870000000008,0.12238904999999994,0.006173752105262498,0.7952631578947373,4.07
2024-12-01,1.8883445,0.94504487,0.17104150000000007,0.09999757999999997,0.20594748984962452,0.6696240601503758,3.98
2025-01-01,2.0905125,1.06483665,0.20003719999999992,0.11358436,0.07902427746867202,0.6750050125313292,4.223000000000001
2025-02-01,2.0821960600000002,1.08824322,0.18051050000000002,0.11027998999999994,-0.09122977000000043,0.7374999999999996,4.1075
2025-03-01,1.9826187,0.9162321299999998,0.11157320000000004,0.05823077999999998,0.1307687488972431,0.7155764411027572,3.9150000000000005
2025-04-01,1.82189942,0.9718515099999998,0.08360480000000003,0.06317886,0.2574603974686718,0.7920050125313283,3.9899999999999998
2025-05-01,1.8168824900000002,0.92958114,0.08427779999999996,0.05309463999999997,0.4589208222305765,0.7382431077694231,4.0809999999999995
2025-06-01,1.9861544500000001,0.96755159,0.1181026999999999,0.07967039999999997,0.15096822842105295,0.7800526315789476,4.0825
2025-07-01,1.81312636,0.9593768399999998,0.08177820000000002,0.07100688999999999,0.3854772602392349,0.6742344497607664,3.9850000000000008
2025-08-01,1.7511179700000001,0.8989338599999999,0.05022850000000001,0.0038625199999999804,0.4795664231829577,0.6687907268170432,3.8525000000000005
2025-09-01,1.7429258900000002,0.9194185700000002,0.05729049999999991,0.02572985,0.29405874889724304,0.578076441102757,3.6175
2025-10-01,1.73255244,0.9169972399999999,0.056251700000000016,0.02941813999999998,0.24554603023923383,0.5382344497607654,3.5189999999999997
2025-11-01,1.7725522000000002,0.9277058599999999,0.07089269999999992,0.035181819999999975,0.20650367730994157,0.48966374269005875,3.5025
2025-12-01,1.65069982,0.9677091499999999,0.04160370000000002,0.05385659999999998,0.34825991660287103,0.39287081339712837,3.4549999999999996
2026-01-01,1.8194675400000002,0.9524568600000001,0.08162439999999993,0.057633710000000005,0.2212648584210526,0.23505263157894762,3.3675
2026-02-01,1.8834895,0.99107436,0.09962099999999996,0.06729922999999999,0.0032527521052627684,0.2677631578947375,3.3125000000000004
2026-03-01,1.7506915,0.81530233,-0.040941499999999964,-0.18200970000000002,0.8218138293301438,0.2776435406698565,3.4425000000000003
2026-04-01,1.80512902,1.0393608,0.02376010000000006,-0.09906491,0.46885326751196255,0.3589617224880379,3.597
2026-05-01,1.81467267,1.10806105,0.04835260000000008,-0.05240410000000001,0.4842651484210525,0.3045526315789473,3.7075
2026-06-01,2.0164803000000004,1.0860004099999998,0.13362809999999992,-0.019658990000000043,0.1729737388972432,0.36557644110275755,3.7550000000000003
2026-07-01,2.1670428,1.05639662,0.1412500000000001,0.022484689999999974,0.131318712966507,0.2885071770334926,3.807
2026-08-01,2.27376366,1.11914665,0.15214400000000006,0.04119515999999995,0.016983612706767293,0.32926691729323365,3.9325000000000006
2026-09-01,2.3126517500000006,1.1932197299999998,0.16726599999999991,0.06681129999999996,0.1680462074686715,0.21950501253132848,4.1274999999999995
