date,FRM_30Y,Treasury_10Y,TIPS_10Y,Breakeven_10Y,Fed_MBS_holdings,exp_infl_10Y,real_rate_10Y,real_risk_prem_10Y,infl_risk_prem_10Y,spread,exp_real_path_10Y,cleveland_resid,mbs_trn,mbs_chg12_trn,vol10_bp
2003-01-01,5.9159999999999995,4.048571428571428,2.2942857142857145,1.7542857142857144,0.0,2.2439394,1.48820174,1.1969138,0.38663345,1.8674285714285714,0.29128794000000013,-0.07020316142857208,0.0,,124.55118088056705
2003-02-01,5.8425,3.9026315789473687,1.9900000000000002,1.9126315789473682,0.0,2.2455641,1.466379,1.1772516,0.37346332,1.9398684210526316,0.28912740000000015,-0.1827748410526313,0.0,,106.40399999899678
2003-03-01,5.745,3.8071428571428574,1.9442857142857142,1.8628571428571428,0.0,2.0783864,1.22359095,1.151881,0.36956551,1.9378571428571427,0.07170995000000002,0.13559999714285764,0.0,,94.96891818018192
2003-04-01,5.8125,3.958571428571428,2.183809523809524,1.774761904761905,0.0,2.1166901,1.30961847,1.1920924,0.38548528,1.8539285714285718,0.11752607000000004,0.14677757857142826,0.0,,86.10756029885567
2003-05-01,5.484,3.5690476190476192,1.908095238095238,1.6609523809523812,0.0,2.1170777,1.37072098,1.2140376,0.39592453,1.9149523809523807,0.15668338000000004,-0.3146755909523806,0.0,,86.92324154913915
2003-06-01,5.23,3.334285714285714,1.7219047619047618,1.6123809523809522,0.0,1.9788142,0.90511574,1.1568499,0.39580329,1.8957142857142864,-0.25173416000000015,0.05455248428571435,0.0,,91.56161841366682
2003-07-01,5.6325,3.975454545454546,2.1095454545454544,1.8659090909090907,0.0,1.973451,1.12868896,1.1886766,0.40350992,1.6570454545454543,-0.0599876399999999,0.469804665454546,0.0,,102.33734920026278
2003-08-01,6.264,4.4452380952380945,2.32047619047619,2.124761904761905,0.0,2.2894709,1.75170446,1.4043515,0.51382409,1.8187619047619057,0.34735296000000004,-0.10976135476190585,0.0,,123.61179231955218
2003-09-01,6.1475,4.274285714285715,2.1861904761904762,2.0880952380952382,0.0,2.3966164,1.89723825,1.4043422,0.51492205,1.873214285714285,0.4928960499999999,-0.5344909857142852,0.0,,133.95116801028774
2003-10-01,5.952,4.290454545454545,2.076363636363636,2.2140909090909093,0.0,2.1063259,1.38081936,1.3052642,0.46078503,1.6615454545454549,0.07555515999999995,0.3425242554545451,0.0,,133.9904171812637
2003-11-01,5.9325,4.300000000000001,1.963888888888889,2.336111111111111,0.0,2.2911369,1.71390165,1.3863626,0.51350215,1.6324999999999994,0.32753904999999994,-0.21854069999999925,0.0,,118.83801679228291
2003-12-01,5.8759999999999994,4.267727272727273,1.9836363636363636,2.284090909090909,0.0,2.3653793,1.71357266,1.3599259,0.50128901,1.6082727272727269,0.35364676000000017,-0.3125136972727267,0.0,,107.68780762722825
2004-01-01,5.7125,4.1505,1.8875,2.263,0.0,2.3167501,1.70195436,1.3131558,0.47750887,1.5620000000000003,0.3887985599999999,-0.3457133300000006,0.0,0.0,101.84653289316672
2004-02-01,5.635,4.084210526315789,1.7621052631578948,2.3221052631578947,0.0,2.2754574,1.57158074,1.2762915,0.45539325,1.550789473684211,0.29528924,-0.2182208636842109,0.0,0.0,97.63040685391621
2004-03-01,5.445,3.826521739130435,1.465217391304348,2.361304347826087,0.0,2.1716856,1.47016466,1.2376694,0.44589563,1.6184782608695651,0.2324952600000001,-0.26122415086956474,0.0,0.0,93.79577748428346
2004-04-01,5.83,4.347619047619047,1.9028571428571428,2.444761904761905,0.0,2.1480768,1.35814941,1.2164152,0.43229729,1.4823809523809528,0.14173421000000008,0.40909554761904676,0.0,0.0,99.0697547090773
2004-05-01,6.27,4.7155000000000005,2.09,2.6254999999999997,0.0,2.4546894,1.88324516,1.3867434,0.50933174,1.554499999999999,0.4965017599999999,-0.13176629999999978,0.0,0.0,97.39546497388683
2004-06-01,6.2875,4.733809523809524,2.146190476190476,2.5876190476190475,0.0,2.5673682,1.94657611,1.3734061,0.51393203,1.553690476190476,0.5731700100000001,-0.2940668161904769,0.0,0.0,97.26827621488276
2004-07-01,6.056,4.498095238095239,2.024285714285714,2.473809523809524,0.0,2.501857,1.93379862,1.3415503,0.49397652,1.5579047619047612,0.5922483199999999,-0.4315369019047619,0.0,0.0,92.08250866295477
2004-08-01,5.8675,4.281363636363636,1.8595454545454546,2.421818181818182,0.0,2.4716518,1.85580269,1.3122118,0.48110703,1.5861363636363635,0.5435908899999999,-0.5271978836363633,0.0,0.0,94.00686949423488
2004-09-01,5.754,4.1257142857142854,1.799047619047619,2.3266666666666667,0.0,2.3558656,1.48469164,1.2401586,0.4563725,1.6282857142857141,0.2445330400000001,-0.17121545428571405,0.0,0.0,88.51920232853152
2004-10-01,5.7225,4.0969999999999995,1.7289999999999999,2.368,0.0,2.3505515,1.6871063,1.2493974,0.45803857,1.6255000000000006,0.43770889999999985,-0.3986963700000006,0.0,0.0,84.72502206568727
2004-11-01,5.73,4.194,1.6759999999999997,2.518,0.0,2.3070912,1.60768876,1.218337,0.42175607,1.5360000000000005,0.38935176000000005,-0.1425360299999996,0.0,0.0,76.6718423539062
2004-12-01,5.752,4.2309090909090905,1.6686363636363637,2.562272727272727,0.0,2.3469422,1.90953662,1.2739643,0.45902396,1.5210909090909093,0.6355723199999999,-0.48459368909090905,0.0,0.0,78.27135491146961
2005-01-01,5.71,4.221500000000001,1.7235,2.498,0.0,2.3687512,1.7792759,1.2570988,0.44806548,1.4884999999999993,0.5221771,-0.37459257999999984,0.0,0.0,72.39465463230569
2005-02-01,5.6275,4.165263157894737,1.6310526315789473,2.5342105263157895,0.0,2.3706533,1.81315912,1.2475411,0.43929254,1.4622368421052636,0.5656180199999998,-0.45784180210526326,0.0,0.0,69.07640589185247
2005-03-01,5.928,4.497727272727273,1.7872727272727273,2.7104545454545454,0.0,2.474904,1.97934111,1.2800226,0.45715777,1.430272727272727,0.6993185100000001,-0.4136756072727277,0.0,0.0,69.01955704206065
2005-04-01,5.855,4.3409523809523805,1.7057142857142857,2.6352380952380954,0.0,2.5215946,2.02052684,1.2789227,0.46055143,1.51404761904762,0.74160414,-0.6617204890476192,0.0,0.0,74.28600793929918
2005-05-01,5.72,4.144285714285714,1.6533333333333333,2.4909523809523813,0.0,2.4035554,1.78986568,1.221808,0.42750259,1.5757142857142856,0.5680576799999999,-0.4766379557142857,0.0,0.0,77.10075653752544
2005-06-01,5.582,3.998181818181818,1.6745454545454548,2.3236363636363637,0.0,2.2949612,1.66688811,1.2025153,0.4122731,1.5838181818181818,0.46437280999999997,-0.37594059181818196,0.0,0.0,73.26801749507382
2005-07-01,5.695,4.1775,1.8765,2.3009999999999997,0.0,2.359812,1.82002108,1.2140319,0.4097268,1.5175,0.6059891800000001,-0.41205987999999927,0.0,0.0,75.6712019762492
2005-08-01,5.82,4.262608695652174,1.8891304347826088,2.3734782608695655,0.0,2.4709578,2.00821677,1.2407981,0.41595314,1.557391304347826,0.7674186700000003,-0.6325190143478254,0.0,0.0,77.64927497715036
2005-09-01,5.774,4.199047619047619,1.6990476190476191,2.5,0.0,2.3536565,1.73569017,1.0781531,0.21520792,1.5749523809523813,0.6575370700000001,-0.1055069709523817,0.0,0.0,76.85696667794761
2005-10-01,6.065,4.4635,1.9425000000000001,2.521,0.0,2.5492617,1.96704484,1.1991322,0.29821033,1.6015000000000006,0.76791264,-0.3510168700000005,0.0,0.0,70.70146030561123
2005-11-01,6.33,4.535,2.0635,2.4715,0.0,2.5758744,2.07568901,1.2688305,0.36137048,1.795,0.8068585100000001,-0.4779338899999992,0.0,0.0,70.2356118890076
2005-12-01,6.272,4.467142857142857,2.1233333333333335,2.3438095238095236,0.0,2.5702512,2.01834727,1.2720147,0.38755583,1.8048571428571432,0.7463325700000001,-0.5090114428571431,0.0,0.0,69.79315474505579
2006-01-01,6.145,4.416,2.006,2.41,0.0,2.4488727,2.06484172,1.2359447,0.40273411,1.7289999999999992,0.8288970200000001,-0.500448529999999,0.0,0.0,68.92219960368841
2006-02-01,6.2525,4.568947368421052,2.0489473684210524,2.5199999999999996,0.0,2.5135642,2.20441278,1.2850912,0.43290365,1.683552631578948,0.9193215800000001,-0.5819332615789472,0.0,0.0,62.72758077730245
2006-03-01,6.324,4.7239130434782615,2.197391304347826,2.526521739130435,0.0,2.4741254,2.38362088,1.2783066,0.4690972,1.6000869565217384,1.10531428,-0.6029304365217394,0.0,0.0,56.16132465869668
2006-04-01,6.5075,4.990526315789474,2.4089473684210527,2.581578947368421,0.0,2.6257421,2.35839303,1.2794002,0.442014,1.5169736842105266,1.0789928299999998,-0.43562281421052695,0.0,0.0,58.57736325437098
2006-05-01,6.5975,5.11,2.445909090909091,2.664090909090909,0.0,2.6635907,2.40637015,1.2906453,0.4410671,1.4874999999999998,1.1157248499999999,-0.4010279499999987,0.0,0.0,62.57384611955118
2006-06-01,6.6819999999999995,5.106363636363636,2.5295454545454543,2.5768181818181817,0.0,2.6658287,2.45080986,1.2901259,0.4514906,1.575636363636363,1.16068396,-0.46176552363636336,0.0,0.0,65.30988026633332
2006-07-01,6.7625,5.0875,2.507,2.5805,0.0,2.721923,2.49634953,1.2772985,0.4411068,1.6749999999999998,1.21905103,-0.5718793299999998,0.0,0.0,63.506414940599996
2006-08-01,6.523999999999999,4.8765217391304345,2.2908695652173914,2.5856521739130436,0.0,2.6194038,2.2982861,1.2330468,0.4137353,1.6474782608695646,1.0652392999999998,-0.45490346086956546,0.0,0.0,59.51734472094219
2006-09-01,6.4025,4.718999999999999,2.3195,2.3995,0.0,2.5174803,2.20605719,1.1990496,0.3365084,1.6835000000000004,1.0070075900000002,-0.3410458900000002,0.0,0.0,52.80285439948951
2006-10-01,6.3575,4.729047619047619,2.4114285714285715,2.317619047619048,0.0,2.485753,2.21206207,1.2147361,0.35098894,1.628452380952381,0.9973259699999999,-0.3197563909523806,0.0,0.0,52.11280129514574
2006-11-01,6.24,4.595238095238095,2.291904761904762,2.3033333333333332,0.0,2.3789791,2.1998854,1.1784627,0.4060862,1.6447619047619053,1.0214226999999998,-0.38971260476190484,0.0,0.0,58.368398926432484
2006-12-01,6.135,4.5645,2.2504999999999997,2.314,0.0,2.3467956,2.12213778,1.1687616,0.37193252,1.5705,0.95337618,-0.27636590000000005,0.0,0.0,62.195159328963065
2007-01-01,6.2175,4.7595238095238095,2.4366666666666665,2.322857142857143,0.0,2.5293118,2.14807579,1.2025925,0.3576475,1.4579761904761908,0.9454832900000001,-0.27551128047619056,0.0,0.0,62.200557756619176
2007-02-01,6.285,4.722631578947369,2.360526315789474,2.3621052631578947,0.0,2.5756304,2.28715091,1.2360165,0.3940066,1.5623684210526312,1.0511344099999997,-0.5341563310526309,0.0,0.0,57.72296497481041
2007-03-01,6.156000000000001,4.5645454545454545,2.1768181818181818,2.3877272727272727,0.0,2.4594415,2.0249864,1.1947259,0.38091024,1.5914545454545461,0.8302605000000001,-0.30079268545454596,0.0,0.0,63.402853992412766
2007-04-01,6.18,4.6938095238095245,2.255714285714286,2.4380952380952383,0.0,2.4786022,2.07748685,1.209512,0.40067857,1.4861904761904752,0.8679748500000002,-0.2629580961904763,0.0,0.0,60.129105117837895
2007-05-01,6.2620000000000005,4.746363636363636,2.3736363636363635,2.372727272727273,0.0,2.524481,2.0318442,1.1994456,0.39489761,1.5156363636363643,0.8323986000000001,-0.20485917363636386,0.0,0.0,57.04548655646904
2007-06-01,6.657500000000001,5.102857142857142,2.690952380952381,2.4119047619047618,0.0,2.6718196,2.24630973,1.2790326,0.45802992,1.5546428571428583,0.96727713,-0.2733021071428583,0.0,0.0,57.01520671323262
2007-07-01,6.695,5.0042857142857144,2.6366666666666667,2.3676190476190477,0.0,2.6399293,2.37357342,1.2798023,0.462889,1.6907142857142858,1.09377112,-0.4721060057142852,0.0,0.0,74.01435136305186
2007-08-01,6.572,4.674782608695652,2.4382608695652173,2.236521739130435,0.0,2.4898174,2.13388077,1.2385483,0.42886567,1.8972173913043484,0.8953324700000003,-0.3777812313043496,0.0,0.0,83.98437341894966
2007-09-01,6.3825,4.521578947368421,2.2573684210526315,2.2642105263157895,0.0,2.4115217,1.94622258,1.1986681,0.39854535,1.8609210526315794,0.74755448,-0.23471068263157946,0.0,0.0,86.2326985846631
2007-10-01,6.375,4.527727272727272,2.2022727272727276,2.325454545454545,0.0,2.4520543,1.98911422,1.1870789,0.37787972,1.8472727272727276,0.8020353200000001,-0.2913209672727275,0.0,0.0,83.11050313245353
2007-11-01,6.208,4.1485,1.768,2.3805,0.0,2.3840553,1.82624712,1.1258192,0.29956099,2.0595,0.7004279199999999,-0.36136340999999916,0.0,0.0,87.60054956059025
2007-12-01,6.095,4.0975,1.7890000000000001,2.3085,0.0,2.1470427,1.38696881,1.1237103,0.31299764,1.9974999999999996,0.26325851,0.25049085000000026,0.0,0.0,104.55788027441183
2008-01-01,5.758,3.744285714285714,1.4690476190476192,2.2752380952380955,0.0,2.174666,1.39949068,1.1340748,0.32321258,2.013714285714286,0.26541587999999994,-0.15308354571428584,0.0,0.0,116.52229691527843
2008-02-01,5.9175,3.7375,1.405,2.3325,0.0,2.0725733,1.11112286,1.1120286,0.29227207,2.1800000000000006,-0.0009057399999998772,0.2615317699999995,0.0,0.0,130.82088620246725
2008-03-01,5.97,3.5100000000000002,1.091,2.4189999999999996,0.0,1.9412978,1.02522008,1.1047946,0.32738115,2.4599999999999995,-0.07957451999999998,0.21610097000000028,0.0,0.0,140.94262694590256
2008-04-01,5.9175,3.675,1.3622727272727273,2.3127272727272725,0.0,2.0011092,1.06289422,1.1293766,0.34318672,2.2425000000000006,-0.06648238000000006,0.26780985999999984,0.0,0.0,143.75167848656977
2008-05-01,6.036,3.8800000000000003,1.46,2.42,0.0,2.2201559,1.40051629,1.2405561,0.39617397,2.1559999999999993,0.15996019000000006,-0.13684615999999972,0.0,0.0,133.11553953835733
2008-06-01,6.32,4.099523809523809,1.6285714285714288,2.470952380952381,0.0,2.3034655,1.48755401,1.2169889,0.35278004,2.220476190476191,0.27056510999999994,-0.04427574047619043,0.0,0.0,114.2105214529094
2008-07-01,6.425999999999999,4.007727272727273,1.5690909090909089,2.4386363636363635,0.0,2.343078,1.44558109,1.1970234,0.35754708,2.4182727272727265,0.24855768999999994,-0.13847889727272733,0.0,0.0,102.78392995824255
2008-08-01,6.4775,3.8857142857142852,1.6761904761904762,2.2095238095238097,0.0,2.3471243,1.35649733,1.184959,0.37052959,2.591785714285715,0.17153832999999996,-0.18843693428571484,0.0,0.0,103.76503960229331
2008-09-01,6.0375,3.6861904761904762,1.85,1.8361904761904764,0.0,2.2096956,1.23957472,1.1731495,0.36324406,2.3513095238095234,0.06642521999999995,-0.12632390380952385,0.0,0.0,106.64705250957093
2008-10-01,6.2,3.814090909090909,2.752272727272727,1.0618181818181818,0.0,2.1066821,1.48506331,1.2066017,0.31249246,2.385909090909091,0.2784616099999999,-0.0901469609090908,0.0,0.0,148.64791937590837
2008-11-01,6.0875,3.526666666666667,2.8883333333333336,0.6383333333333333,0.0,2.0072092,1.63162854,1.2455393,0.24727665,2.5608333333333335,0.38608924,-0.3594477233333331,0.0,0.0,163.82089706640647
2008-12-01,5.286,2.4163636363636365,2.17,0.24636363636363637,0.0,1.5806981,0.97537985,1.1710135,0.24699127,2.869636363636363,-0.19563364999999988,-0.38670558363636376,0.0,0.0,184.57206954437532
2009-01-01,5.047499999999999,2.5175,1.9120000000000001,0.6054999999999999,4750.5,1.621304,0.93854104,1.15917,0.26948436,2.5299999999999994,-0.22062895999999999,-0.3118293999999997,0.0047505,0.0047505,164.24640893369832
2009-02-01,5.13,2.87,1.7521052631578946,1.1178947368421053,37197.75,1.6701025,1.03930649,1.1539969,0.30678911,2.26,-0.11469041000000013,-0.1461980999999999,0.03719775,0.03719775,168.67704072939944
2009-03-01,5.0025,2.819545454545455,1.7090909090909092,1.1104545454545454,152626.25,1.6327655,1.25074177,1.1647245,0.35990429,2.1829545454545456,0.08601727000000015,-0.4238661054545454,0.15262625,0.15262625,164.87650054214436
2009-04-01,4.8100000000000005,2.927142857142857,1.5676190476190477,1.3595238095238096,312533.6,1.6962653,0.71281967,1.1268905,0.33129585,1.8828571428571435,-0.41407083,0.18676203714285666,0.31253359999999997,0.31253359999999997,174.8942214540336
2009-05-01,4.8575,3.293,1.7169999999999999,1.576,414099.25,1.8570946,1.0174109,1.225951,0.38054339,1.5644999999999998,-0.2085401,0.03795111000000029,0.41409925,0.41409925,161.68243056434093
2009-06-01,5.42,3.7218181818181817,1.8622727272727273,1.8595454545454544,444559.75,2.0073266,1.32210554,1.2439714,0.38743407,1.6981818181818182,0.07813413999999996,0.004951971818182077,0.44455975,0.44455975,157.2994937435643
2009-07-01,5.2219999999999995,3.5622727272727275,1.8227272727272728,1.7395454545454547,507933.8,2.0420241,1.26690282,1.2420316,0.39130083,1.659727272727272,0.024871220000000083,-0.13795502272727278,0.5079338,0.5079338,147.46274846925436
2009-08-01,5.1925,3.587142857142857,1.7738095238095237,1.8133333333333332,579541.25,2.0934921,1.15904037,1.2199233,0.38802454,1.6053571428571427,-0.06088293,-0.053414152857143016,0.57954125,0.57954125,152.80702076105663
2009-09-01,5.0575,3.401904761904762,1.6419047619047618,1.76,664309.4,2.0688171,0.94923764,1.187508,0.38646009,1.6555952380952381,-0.23827036000000001,-0.002610068095238116,0.6643094,0.6643094,126.06182815667418
2009-10-01,4.952,3.3876190476190478,1.4833333333333332,1.9042857142857144,751553.75,1.9561555,0.99714116,1.1761974,0.3911391,1.5643809523809522,-0.17905623999999998,0.04318328761904766,0.75155375,0.75155375,112.2908561451319
2009-11-01,4.875,3.4026315789473687,1.2752631578947369,2.1273684210526316,812283.25,2.0233626,1.06141004,1.1927549,0.39701612,1.4723684210526313,-0.13134486,-0.07915718105263103,0.81228325,0.81228325,98.9901744099989
2009-12-01,4.93,3.5900000000000003,1.3645454545454545,2.2254545454545456,885281.2,1.9064085,0.84804056,1.1668623,0.38956025,1.3399999999999994,-0.31882173999999996,0.44599069000000036,0.8852812,0.8852812,93.23841540587769
2010-01-01,5.03,3.7331578947368427,1.3747368421052633,2.358421052631579,954489.0,2.0911325,1.29792486,1.3275341,0.48229737,1.2968421052631576,-0.029609240000000092,-0.13819683526315707,0.954489,0.9497385,92.19977272434414
2010-02-01,4.99,3.691052631578947,1.4189473684210527,2.272105263157895,1001323.25,2.0165529,1.12451541,1.2811064,0.46111999,1.2989473684210533,-0.15659098999999999,0.08886433157894658,1.00132325,0.9641255,84.2415527239069
2010-03-01,4.9675,3.7273913043478264,1.5082608695652173,2.219130434782609,1052987.4,2.0067599,0.99873153,1.2516075,0.45611324,1.2401086956521739,-0.25287596999999995,0.2657866343478261,1.0529874,0.9003611499999999,80.74647987340931
2010-04-01,5.098000000000001,3.8468181818181817,1.500909090909091,2.3459090909090907,1092238.75,2.0631275,1.3091053,1.3081659,0.46677283,1.251181818181819,0.0009393999999998126,0.007812551818181745,1.09223875,0.77970515,77.23805136968332
2010-05-01,4.8875,3.4200000000000004,1.307,2.113,1107041.25,2.0234055,1.22638786,1.2817381,0.45382013,1.4674999999999998,-0.055350240000000106,-0.2836134899999996,1.10704125,0.692942,89.07815163801442
2010-06-01,4.7375,3.2040909090909087,1.2568181818181818,1.947272727272727,1120334.8,1.8811319,1.01936098,1.2340777,0.434643,1.5334090909090912,-0.21471671999999997,-0.13104497090909106,1.1203348,0.6757750499999999,103.31787804599689
2010-07-01,4.564,3.0114285714285716,1.2409523809523808,1.7704761904761905,1122228.5,1.7304709,0.84675907,1.1848002,0.43133794,1.5525714285714285,-0.33804113,0.0028606614285715537,1.1222285,0.6142947000000001,103.2782629671243
2010-08-01,4.4275,2.6986363636363637,1.0218181818181817,1.6768181818181818,1113344.25,1.7086811,0.65616389,1.1658476,0.40546454,1.7288636363636365,-0.50968371,-0.0716731663636363,1.11334425,0.5338029999999999,96.68828628141002
2010-09-01,4.346,2.6476190476190475,0.909047619047619,1.7385714285714284,1093796.4,1.580762,0.57706775,1.1467902,0.40481884,1.6983809523809525,-0.5697224500000001,0.08497045761904776,1.0937964,0.42948699999999995,99.91174035236466
2010-10-01,4.225,2.54,0.525,2.0149999999999997,1068466.5,1.5742367,0.40880525,1.1236226,0.3707564,1.6849999999999996,-0.71481735,0.1862016500000001,1.0684665,0.31691274999999997,100.09108353045599
2010-11-01,4.3,2.763,0.666,2.097,1044538.75,1.5460638,0.33888956,1.1177811,0.35032067,1.537,-0.77889154,0.5277259700000001,1.04453875,0.23225550000000006,107.16278350497723
2010-12-01,4.714,3.290909090909091,1.044090909090909,2.2468181818181816,1010938.4,1.6945193,0.62620927,1.2103835,0.4028428,1.4230909090909094,-0.58417423,0.5673377209090908,1.0109384000000001,0.12565720000000014,116.91901570413096
2011-01-01,4.755,3.3939999999999997,1.0605,2.3335,982379.0,1.9670054,0.86397716,1.2715228,0.44115648,1.3610000000000002,-0.40754564000000004,0.1218609599999998,0.982379,0.02788999999999997,129.0433552407183
2011-02-01,4.9525,3.5763157894736843,1.2378947368421052,2.338421052631579,961699.75,1.9901515,0.82968718,1.2505481,0.43320821,1.3761842105263153,-0.4208609200000001,0.3232688994736841,0.96169975,-0.039623500000000034,126.40622392738679
2011-03-01,4.836,3.4143478260869564,0.9639130434782609,2.4504347826086956,944594.0,2.048335,0.87385088,1.2381054,0.41771466,1.4216521739130439,-0.36425452,0.0744472860869565,0.944594,-0.10839339999999986,109.86186573834286
2011-04-01,4.84,3.4549999999999996,0.8634999999999999,2.5915,933638.25,2.099215,0.97750283,1.2472274,0.42672544,1.3850000000000002,-0.26972457000000005,-0.04844327000000037,0.93363825,-0.15860049999999992,88.2091040552847
2011-05-01,4.6375,3.168571428571429,0.7785714285714287,2.3899999999999997,923869.25,2.032293,0.71147484,1.1916548,0.41595113,1.4689285714285711,-0.48017995999999996,0.008852458571428912,0.92386925,-0.183172,76.465843258891
2011-06-01,4.51,3.002272727272727,0.7554545454545455,2.2468181818181816,914679.4,1.894122,0.49226699,1.1663034,0.39747521,1.5077272727272728,-0.67403641,0.21840852727272697,0.9146794,-0.20565539999999993,69.18374352326875
2011-07-01,4.545,3.003,0.6235,2.3795,904793.25,1.9889734,0.57395235,1.1992538,0.42717122,1.5419999999999998,-0.6253014499999999,0.01290303000000037,0.90479325,-0.21743525000000008,81.45008685447324
2011-08-01,4.27,2.3030434782608693,0.13521739130434782,2.167826086956522,892886.8,1.7313642,0.39497491,1.1649313,0.41649671,1.9669565217391303,-0.7699563899999999,-0.23979234173913078,0.8928868000000001,-0.22045744999999983,112.32953250550727
2011-09-01,4.106,1.975238095238095,0.07761904761904763,1.8976190476190478,880003.25,1.5583105,0.21493888,1.1440924,0.40174249,2.130761904761905,-0.9291535199999998,-0.19975377476190492,0.88000325,-0.21379315,127.37442108309827
2011-10-01,4.0675,2.152,0.186,1.966,863275.5,1.5883361,0.09856249,1.1446024,0.40553757,1.9154999999999998,-1.04603991,0.059563840000000035,0.8632755,-0.205191,135.14912873779798
2011-11-01,3.9925,2.0134999999999996,0.0014999999999999996,2.012,841831.4,1.6085842,0.13706953,1.1647874,0.41348036,1.9790000000000005,-1.02771787,-0.14563409000000016,0.8418314,-0.20270735000000006,129.6597227043237
2011-12-01,3.9579999999999997,1.9780952380952381,-0.03142857142857143,2.0095238095238095,843537.75,1.6422125,0.14446831,1.1775767,0.42291825,1.9799047619047616,-1.03310839,-0.23150382190476182,0.84353775,-0.16740065000000015,116.50584306640664
2012-01-01,3.915,1.9665,-0.10800000000000001,2.0744999999999996,840267.75,1.6011744,0.14610051,1.1758662,0.4196948,1.9485000000000001,-1.02976569,-0.20046971000000013,0.84026775,-0.14211125000000002,103.04525733369223
2012-02-01,3.89,1.9675,-0.2545,2.222,842737.6,1.5458862,0.02185103,1.1563519,0.40258899,1.9225,-1.1345008699999999,-0.0028262199999999904,0.8427376,-0.11896214999999999,82.2843936105506
2012-03-01,3.9539999999999997,2.1727272727272724,-0.14136363636363636,2.314090909090909,845681.75,1.5801475,0.16923691,1.1826697,0.41969279,1.7812727272727273,-1.01343279,0.0036500727272725797,0.84568175,-0.09891225000000003,80.24830653584586
2012-04-01,3.91,2.052857142857143,-0.2138095238095238,2.2666666666666666,844185.75,1.6497201,0.19464573,1.2034739,0.44035067,1.8571428571428572,-1.0088281700000001,-0.2318593571428571,0.84418575,-0.08945250000000005,81.32365499545244
2012-05-01,3.7979999999999996,1.8031818181818182,-0.34136363636363637,2.1445454545454545,854122.0,1.5553438,-0.08722198,1.1667997,0.36169354,1.9948181818181814,-1.2540216800000001,-0.026633541818181783,0.854122,-0.06974724999999993,73.72019297882775
2012-06-01,3.675,1.6223809523809525,-0.5004761904761905,2.1228571428571428,860677.5,1.4156358,-0.04815105,1.139161,0.3892074,2.0526190476190473,-1.18731205,-0.13431119761904764,0.8606775,-0.05400190000000005,75.03096613629039
2012-07-01,3.55,1.5266666666666668,-0.6019047619047619,2.1285714285714286,856615.25,1.4852789,-0.05482603,1.1662842,0.4005663,2.023333333333333,-1.22111023,-0.30435250333333297,0.85661525,-0.04817799999999994,69.76888044850479
2012-08-01,3.6019999999999994,1.6782608695652175,-0.5856521739130435,2.263913043478261,852806.6,1.480409,-0.06008478,1.1504595,0.37113147,1.923739130434782,-1.21054428,-0.1131948204347828,0.8528066,-0.04008020000000012,77.25040498578201
2012-09-01,3.4975,1.7231578947368422,-0.7131578947368421,2.436315789473684,843140.25,1.5292492,-0.16925714,1.1308315,0.3671691,1.7743421052631578,-1.30008864,-0.0040032652631578625,0.84314025,-0.03686299999999998,72.07497092222302
2012-10-01,3.3825000000000003,1.7461904761904763,-0.7485714285714286,2.494761904761905,850481.8,1.5026504,-0.09317224,1.1512764,0.37880191,1.636309523809524,-1.2444486399999999,-0.04208959380952382,0.8504818000000001,-0.012793699999999908,71.2662009597457
2012-11-01,3.3519999999999994,1.654,-0.7725,2.4265,881301.25,1.5179508,-0.00573705,1.1812764,0.37830663,1.6979999999999995,-1.18701345,-0.23652037999999997,0.88130125,0.03946985000000003,68.86946425406006
2012-12-01,3.3449999999999998,1.719,-0.7575000000000001,2.4765,918099.0,1.5262619,-0.17237745,1.1649553,0.39738278,1.6259999999999997,-1.3373327499999998,-0.03226722999999998,0.918099,0.07456125000000002,62.68789913617818
2013-01-01,3.414,1.9147619047619049,-0.6085714285714287,2.5233333333333334,949993.8,1.4890559,0.08440142,1.2165788,0.41883836,1.4992380952380953,-1.13217738,-0.07753377523809535,0.9499938,0.10972605000000002,60.41426890558254
2013-02-01,3.5324999999999998,1.9842105263157896,-0.5705263157894737,2.554736842105263,1006043.75,1.5381946,0.17210018,1.2050741,0.39101545,1.54828947368421,-1.03297392,-0.11709970368421008,1.00604375,0.16330614999999993,53.29181029555394
2013-03-01,3.565,1.9575,-0.585,2.5424999999999995,1058312.75,1.4118858,0.05034072,1.153486,0.26875656,1.6075,-1.1031452800000001,0.22651692000000012,1.05831275,0.21263100000000001,55.42527643371462
2013-04-01,3.4450000000000003,1.7590909090909093,-0.6522727272727272,2.411363636363636,1101046.0,1.4618435,-0.02421188,1.1647183,0.33785295,1.685909090909091,-1.18893018,-0.01639366090909089,1.101046,0.25686025,54.99533697700868
2013-05-01,3.536,1.9281818181818182,-0.35500000000000004,2.283181818181818,1147460.0,1.4138488,-0.01939123,1.1759681,0.35382745,1.6078181818181818,-1.19535933,0.17989679818181825,1.14746,0.2933379999999999,60.967602343647826
2013-06-01,4.07,2.3,0.2515,2.0484999999999998,1186774.0,1.5503442,0.22769375,1.2359215,0.39003553,1.7700000000000005,-1.0082277499999999,0.1319265199999995,1.186774,0.3260965,72.91382185176067
2013-07-01,4.37,2.5822727272727275,0.46,2.122272727272727,1231743.4,1.634568,0.54638104,1.292494,0.45195869,1.7877272727272726,-0.74611296,-0.050635002727272393,1.2317433999999998,0.37512814999999977,89.26726880173966
2013-08-01,4.456,2.7372727272727273,0.5527272727272727,2.1845454545454546,1285331.25,1.7580797,0.47506869,1.2864123,0.46262029,1.718727272727273,-0.81134361,0.04150404727272772,1.28533125,0.43252465000000007,97.0034497312645
2013-09-01,4.49,2.8095,0.6639999999999999,2.1454999999999997,1316162.0,1.8688006,0.54083451,1.3064023,0.47678747,1.6805000000000003,-0.76556779,-0.07692258000000018,1.316162,0.47302175,97.77175351267587
2013-10-01,4.192,2.6159090909090907,0.42863636363636365,2.1872727272727275,1373279.6,1.7246934,0.49296942,1.2680435,0.44050369,1.5760909090909094,-0.7750740800000001,-0.0422574190909093,1.3732796,0.5227978,85.63787911951613
2013-11-01,4.255,2.718421052631579,0.5478947368421053,2.170526315789474,1425496.75,1.7163045,0.48963774,1.2602462,0.43903639,1.536578947368421,-0.77060846,0.07344242263157907,1.42549675,0.5441954999999999,80.1006150559706
2013-12-01,4.4575,2.901904761904762,0.7385714285714285,2.163333333333333,1476295.0,1.7851389,0.41829993,1.2365995,0.44602279,1.5555952380952376,-0.8182995700000001,0.2524431419047617,1.476295,0.5581959999999999,72.80387958090883
2014-01-01,4.432,2.858095238095238,0.6319047619047619,2.2261904761904763,1515444.8,1.8490071,0.68063671,1.2914453,0.47642691,1.5739047619047626,-0.6108085899999999,-0.14797548190476206,1.5154448,0.565451,70.00213020233458
2014-02-01,4.3025,2.709473684210526,0.5521052631578948,2.157368421052632,1550806.5,1.7690838,0.50867731,1.2523933,0.45496905,1.5930263157894742,-0.74371599,-0.023256475789473985,1.5508065,0.5447627500000001,67.90992092342022
2014-03-01,4.3425,2.723333333333333,0.5557142857142857,2.1676190476190476,1586584.0,1.7451938,0.58045318,1.2399027,0.46498469,1.619166666666667,-0.65944952,-0.06729833666666707,1.586584,0.52827125,68.0951610172682
2014-04-01,4.3375,2.705238095238095,0.5428571428571429,2.1623809523809525,1621970.8,1.87485,0.7022221,1.2713635,0.46540729,1.6322619047619051,-0.5691414000000001,-0.33724129476190434,1.6219708000000002,0.5209248000000002,67.17385902653218
2014-05-01,4.192,2.559047619047619,0.3680952380952381,2.190952380952381,1647925.5,1.8687902,0.62685415,1.2451624,0.445655,1.6329523809523812,-0.6183082499999999,-0.38225173095238096,1.6479255,0.5004655,61.21283272904594
2014-06-01,4.1625,2.5985714285714288,0.36952380952380953,2.229047619047619,1657067.25,1.8300901,0.62452944,1.2307904,0.44397422,1.563928571428571,-0.6062609600000001,-0.30002233142857104,1.65706725,0.4702932500000001,56.66723389072089
2014-07-01,4.13,2.5422727272727275,0.27954545454545454,2.2627272727272727,1672681.2,1.8823807,0.59099495,1.2255665,0.45033551,1.5877272727272724,-0.63457155,-0.3814384327272724,1.6726812,0.44093780000000016,54.13169160227581
2014-08-01,4.115,2.42,0.22380952380952382,2.1961904761904765,1680786.75,1.8790741,0.6494057,1.2286231,0.41469918,1.6950000000000003,-0.5792174000000001,-0.52317898,1.68078675,0.39545549999999996,57.042396464713704
2014-09-01,4.1625,2.5342857142857143,0.46095238095238095,2.0733333333333333,1690854.25,1.9131183,0.58085993,1.2179332,0.42697234,1.6282142857142854,-0.63707327,-0.38666485571428577,1.69085425,0.37469224999999984,54.93910702705365
2014-10-01,4.036,2.304090909090909,0.38409090909090904,1.9200000000000002,1707932.2,1.8727096,0.7009647,1.2299821,0.43147665,1.7319090909090904,-0.5290174,-0.7010600409090908,1.7079322,0.33465259999999986,59.337601620925994
2014-11-01,3.9975,2.3255555555555554,0.44555555555555554,1.8800000000000001,1725117.75,1.8157437,0.71330026,1.2211969,0.39510803,1.6719444444444447,-0.50789664,-0.5985964344444445,1.72511775,0.2996209999999999,58.12326360722701
2014-12-01,3.864,2.2072727272727275,0.5104545454545455,1.6968181818181818,1737157.2,1.8521375,0.38472537,1.1374824,0.45847706,1.6567272727272724,-0.7527570299999999,-0.48806720272727233,1.7371572,0.26086220000000004,63.63814845948846
2015-01-01,3.67,1.8815000000000002,0.2745,1.607,1744444.25,1.6943704,0.7099428,1.2003966,0.32165939,1.7884999999999998,-0.49045379999999994,-0.8444725899999994,1.74444425,0.22899944999999988,70.16884187187172
2015-02-01,3.71,1.9752631578947368,0.26,1.7152631578947366,1741652.75,1.5339526,0.53838038,1.169366,0.31836221,1.7347368421052631,-0.6309856199999999,-0.41543203210526336,1.74165275,0.1908462500000001,83.461988894989
2015-03-01,3.77,2.0427272727272725,0.2809090909090909,1.7618181818181817,1739575.0,1.7034873,0.75170542,1.2316641,0.36021406,1.7272727272727275,-0.47995867999999997,-0.7726795072727275,1.739575,0.1529910000000001,91.97570603363198
2015-04-01,3.6719999999999997,1.935,0.07681818181818183,1.8581818181818184,1730842.4,1.7122854,0.41032252,1.1847672,0.36618979,1.7369999999999997,-0.77444468,-0.55379771,1.7308424,0.10887159999999985,90.76592596319337
2015-05-01,3.84,2.1975000000000002,0.33199999999999996,1.8655000000000002,1730649.25,1.793767,0.53392144,1.2105168,0.37948302,1.6424999999999996,-0.67659536,-0.5096714599999994,1.73064925,0.08272374999999998,84.38797793004008
2015-06-01,3.9825,2.3636363636363638,0.4977272727272728,1.8659090909090907,1733035.75,1.8240356,0.5537778,1.2124344,0.38907664,1.6188636363636362,-0.6586566,-0.40325367636363607,1.73303575,0.07596849999999988,87.09099883188694
2015-07-01,4.046,2.3245454545454547,0.5036363636363637,1.820909090909091,1738444.2,1.8829511,0.6670749,1.2396006,0.41520451,1.7214545454545456,-0.5725256999999999,-0.6406850554545453,1.7384442,0.06576300000000002,97.11927159935675
2015-08-01,3.9050000000000002,2.1671428571428573,0.5557142857142857,1.6114285714285717,1738608.0,1.817785,0.54830556,1.2152095,0.40961254,1.737857142857143,-0.6669039400000001,-0.6085602428571426,1.738608,0.057821249999999935,97.16404872275817
2015-09-01,3.89,2.172857142857143,0.65,1.522857142857143,1742472.2,1.83859304,0.51245991,1.2110942,0.42396602,1.717142857142857,-0.69863429,-0.6021618271428566,1.7424722,0.051617950000000024,89.38688869941737
2015-10-01,3.7960000000000003,2.07,0.5714285714285714,1.4985714285714284,1749256.25,1.7425951,0.52877171,1.2014385,0.42730845,1.7260000000000004,-0.6726667900000001,-0.6286752600000001,1.74925625,0.04132405000000006,79.08092799956744
2015-11-01,3.9425,2.263157894736842,0.6926315789473684,1.5705263157894738,1746624.25,1.802926,0.6662057,1.215392,0.39944678,1.6793421052631579,-0.5491863,-0.605420585263158,1.74662425,0.021506500000000095,74.74545305215119
2015-12-01,3.964,2.2427272727272727,0.7277272727272728,1.515,1749593.2,1.81273123,0.64742223,1.2234686,0.41632938,1.7212727272727273,-0.5760463699999999,-0.6337555672727273,1.7495931999999998,0.012435999999999892,75.21521080980729
2016-01-01,3.8725,2.0852631578947367,0.6652631578947369,1.42,1750630.75,1.85042813,0.73450597,1.2456638,0.43556984,1.7872368421052633,-0.51115783,-0.9352407821052631,1.75063075,0.006186500000000095,72.95384140285962
2016-02-01,3.66,1.7795,0.472,1.3074999999999999,1751512.0,1.7071694,0.538738,1.2014762,0.41307919,1.8805,-0.6627382,-0.87948659,1.751512,0.009859249999999875,76.23042567174103
2016-03-01,3.694,1.8890909090909092,0.3372727272727273,1.5518181818181818,1755551.2,1.64890624,0.55140742,1.1836192,0.41306092,1.8049090909090908,-0.6322117800000001,-0.7242836709090907,1.7555512,0.015976199999999885,75.76701032078019
2016-04-01,3.605,1.805238095238095,0.19047619047619047,1.6147619047619048,1755913.25,1.71603963,0.34527268,1.1449932,0.36961225,1.799761904761905,-0.79972052,-0.6256864647619047,1.75591325,0.02507085000000009,71.97437137929082
2016-05-01,3.6,1.8061904761904761,0.2119047619047619,1.5942857142857145,1746865.25,1.74893221,0.41364983,1.1676221,0.37862304,1.793809523809524,-0.75397227,-0.735014603809524,1.74686525,0.016216000000000008,66.45656027232592
2016-06-01,3.568,1.6440909090909093,0.1740909090909091,1.4700000000000002,1747906.0,1.72374515,0.51909852,1.1772199,0.40273091,1.9239090909090908,-0.6581213800000001,-1.0014836709090906,1.747906,0.014870249999999974,63.54611544932275
2016-07-01,3.44,1.504,0.0385,1.4655,1746356.75,1.63004592,0.16534694,1.1481324,0.39349845,1.936,-0.9827854599999999,-0.6848913099999998,1.74635675,0.007912549999999907,74.55709957990223
2016-08-01,3.435,1.556521739130435,0.0882608695652174,1.4682608695652173,1747713.8,1.64768851,0.22683746,1.1692884,0.40236436,1.8784782608695652,-0.9424509399999998,-0.7203685908695652,1.7477138,0.009105800000000164,76.46606802180588
2016-09-01,3.46,1.6304761904761906,0.11571428571428573,1.5147619047619048,1750418.75,1.72789683,0.2160743,1.1757562,0.4222638,1.8295238095238093,-0.9596818999999999,-0.7357587395238094,1.75041875,0.007946549999999997,72.37176714736874
2016-10-01,3.47,1.7645,0.0975,1.6669999999999998,1740082.0,1.70459005,0.28979681,1.1841811,0.42020087,1.7055000000000002,-0.89438429,-0.6500877300000001,1.740082,-0.00917425000000005,57.534598607715985
2016-11-01,3.77,2.1420000000000003,0.32,1.8219999999999998,1743839.2,1.75829573,0.34660933,1.2044047,0.43219912,1.6279999999999997,-0.8577953700000001,-0.3951041799999997,1.7438392,-0.0027850499999999556,60.63291523082715
2016-12-01,4.198,2.491904761904762,0.5561904761904761,1.9357142857142857,1750240.0,1.95369171,0.70045658,1.3290649,0.51152527,1.7060952380952386,-0.6286083200000001,-0.6737687980952383,1.75024,0.0006468000000001695,68.05038736752245
2017-01-01,4.15,2.4325,0.421,2.0115,1744580.75,1.92241681,0.72565107,1.2897367,0.44729524,1.7175000000000002,-0.56408563,-0.6628631199999999,1.74458075,-0.006050000000000111,74.4599653508487
2017-02-01,4.1675,2.4189473684210525,0.39999999999999997,2.0189473684210526,1755649.75,1.92235723,0.77438158,1.2876996,0.4528591,1.748552631578948,-0.51331802,-0.7306505415789477,1.75564975,0.00413774999999994,73.69243540609936
2017-03-01,4.196,2.4817391304347827,0.4856521739130435,1.996086956521739,1768864.8,1.88654098,0.91650302,1.2920425,0.43189243,1.714260869565217,-0.37553948000000004,-0.7531972995652172,1.7688648,0.013313600000000037,68.83112043044235
2017-04-01,4.045,2.2973684210526315,0.3910526315789474,1.9063157894736842,1774035.75,1.85758237,0.76575378,1.2598127,0.42822324,1.7476315789473684,-0.49405891999999985,-0.7541909689473685,1.77403575,0.01812249999999982,64.60386750341807
2017-05-01,4.01,2.3036363636363637,0.4668181818181818,1.836818181818182,1773496.2,1.84054543,0.7764088,1.2578464,0.4302608,1.706363636363636,-0.4814376,-0.7435786663636366,1.7734961999999999,0.02663094999999993,61.34155327612109
2017-06-01,3.904,2.186818181818182,0.4581818181818182,1.7286363636363637,1776234.5,1.73020088,0.73611135,1.1985039,0.41700636,1.717181818181818,-0.4623925499999999,-0.696500408181818,1.7762345,0.02832849999999998,55.84123280901543
2017-07-01,3.9675000000000002,2.318,0.546,1.7719999999999998,1772238.75,1.84955694,0.72501612,1.2285199,0.4247026,1.6495000000000002,-0.50350378,-0.6812756599999998,1.77223875,0.025882000000000183,54.40865639297401
2017-08-01,3.88,2.2091304347826086,0.43347826086956526,1.7756521739130435,1772456.4,1.8153385,0.67086016,1.2097536,0.40813678,1.6708695652173913,-0.53889344,-0.6852050052173912,1.7724563999999998,0.024742599999999726,50.97030083034569
2017-09-01,3.8049999999999997,2.202,0.368,1.834,1772145.75,1.84386995,0.56521264,1.1819244,0.38346625,1.6029999999999998,-0.6167117599999999,-0.5905488400000003,1.77214575,0.021727000000000052,53.870958317176225
2017-10-01,3.895,2.3600000000000003,0.49809523809523815,1.861904761904762,1771207.0,1.89298914,0.72914351,1.228287,0.41610807,1.5349999999999997,-0.4991434899999999,-0.6782407199999998,1.771207,0.03112500000000007,52.95539965774252
2017-11-01,3.9219999999999997,2.3533333333333335,0.4957142857142857,1.8576190476190475,1772578.4,1.92496508,0.75219045,1.2272774,0.42183295,1.5686666666666662,-0.47508695,-0.7456551466666665,1.7725784,0.028739199999999965,51.695826167415966
2017-12-01,3.95,2.4025,0.503,1.8995000000000002,1771927.5,2.01118703,0.57304923,1.1610032,0.50245928,1.5475000000000003,-0.5879539699999999,-0.6841955400000002,1.7719275,0.02168750000000008,47.32269729411646
2018-01-01,4.032500000000001,2.583809523809524,0.54,2.0438095238095237,1766401.0,1.95641907,0.87378801,1.218308,0.47116736,1.4486904761904769,-0.34451999,-0.7175649161904762,1.766401,0.021820250000000208,47.937239571398486
2018-02-01,4.33,2.8589473684210525,0.7573684210526316,2.101578947368421,1765485.0,2.07333165,1.08846929,1.2912536,0.49074017,1.4710526315789476,-0.20278430999999997,-0.7935937415789476,1.765485,0.009835250000000073,51.20060297822867
2018-03-01,4.444,2.8423809523809522,0.7519047619047619,2.0904761904761906,1761529.5,1.97024161,1.02953583,1.2306141,0.31528841,1.6016190476190477,-0.20107827,-0.47268489761904764,1.7615295,-0.0073353000000000446,54.288957745623954
2018-04-01,4.4675,2.869047619047619,0.7414285714285714,2.1276190476190475,1752498.5,1.98436343,1.01435433,1.2328859,0.35569996,1.5984523809523812,-0.21853157000000012,-0.48537010095238076,1.7524985,-0.021537249999999952,56.48878836277889
2018-05-01,4.586,2.977727272727273,0.8359090909090909,2.1418181818181816,1742845.0,2.09161804,1.2160918,1.2843951,0.41195415,1.6082727272727273,-0.06830329999999996,-0.7419367172727274,1.742845,-0.03065119999999988,54.695109559186655
2018-06-01,4.57,2.9123809523809525,0.7947619047619048,2.1176190476190477,1731771.25,2.04590296,1.24572814,1.2620296,0.44274622,1.6576190476190478,-0.01630145999999999,-0.8219963676190476,1.73177125,-0.044463249999999954,62.806507832639845
2018-07-01,4.5275,2.889047619047619,0.7747619047619048,2.1142857142857143,1718591.5,2.09571821,1.15523371,1.2543079,0.44454232,1.6384523809523808,-0.09907418999999984,-0.8064466209523808,1.7185915,-0.053647250000000035,59.887009816764575
2018-08-01,4.55,2.889130434782609,0.79,2.0991304347826087,1706202.6,2.14036185,1.25524162,1.2734675,0.45845816,1.660869565217391,-0.018225879999999917,-0.9649311952173916,1.7062026000000001,-0.0662537999999997,57.38271081855725
2018-09-01,4.6274999999999995,3.004210526315789,0.8810526315789474,2.1231578947368424,1692752.0,2.13615266,1.1321469,1.2468578,0.45811379,1.6232894736842103,-0.11471089999999995,-0.7222028236842108,1.692752,-0.07939374999999993,45.3710031096889
2018-10-01,4.83,3.152272727272727,1.040909090909091,2.1113636363636363,1677921.4,2.16677604,1.30012681,1.2740029,0.47120565,1.6777272727272732,0.02612391000000014,-0.7858357727272729,1.6779214,-0.09328559999999997,50.818195051804516
2018-11-01,4.866,3.117,1.113,2.004,1663778.0,2.15417847,1.30865835,1.2667843,0.44999357,1.7489999999999997,0.041874049999999885,-0.7958303900000003,1.663778,-0.10880040000000002,54.11364867062737
2018-12-01,4.6375,2.8326315789473684,1.016315789473684,1.816315789473684,1648187.5,2.09134924,1.25496666,1.2442892,0.43152046,1.8048684210526318,0.010677459999999916,-0.9452047810526318,1.6481875,-0.12374000000000018,55.43816891931741
2019-01-01,4.464,2.713809523809524,0.92,1.793809523809524,1631535.8,1.95832446,1.04043434,1.2070958,0.41594068,1.7501904761904763,-0.16666146000000004,-0.7008899561904758,1.6315358,-0.13486520000000013,59.837353285996855
2019-02-01,4.37,2.6763157894736844,0.7994736842105263,1.876842105263158,1616381.0,1.97069441,1.06818285,1.2130935,0.42713465,1.6936842105263157,-0.14491065000000014,-0.7896961205263153,1.616381,-0.1491039999999999,58.83871185602927
2019-03-01,4.265,2.570952380952381,0.6580952380952381,1.912857142857143,1601892.75,1.69207771,0.51720765,1.0207319,-0.12460728,1.6940476190476188,-0.5035242499999999,0.4862743009523811,1.60189275,-0.15963675,61.22898604629587
2019-04-01,4.1425,2.532380952380952,0.5957142857142858,1.9366666666666668,1589241.5,1.74737586,0.42030375,1.0600166,0.02607161,1.610119047619048,-0.63971285,0.3386297323809524,1.5892415,-0.16325699999999999,56.46759578731839
2019-05-01,4.072,2.395,0.5686363636363636,1.8263636363636364,1568056.6,1.80265678,0.5404288,1.1371593,0.16716363,1.677,-0.5967304999999999,-0.11524920999999999,1.5680566,-0.17478839999999995,54.444470272484324
2019-06-01,3.8024999999999998,2.074,0.374,1.7,1548083.0,1.63705342,0.42130162,1.1289913,0.23350857,1.7285,-0.7076896800000001,-0.2178636100000002,1.548083,-0.1836882499999999,58.13337794234401
2019-07-01,3.765,2.059090909090909,0.3063636363636364,1.752727272727273,1525172.4,1.67609847,0.44057188,1.1479148,0.28453368,1.705909090909091,-0.7073429199999999,-0.34211312090909063,1.5251724,-0.19341910000000007,58.8196221257369
2019-08-01,3.6159999999999997,1.6263636363636365,0.04,1.5863636363636362,1504056.5,1.65909585,0.42005179,1.1609962,0.32780394,1.9896363636363632,-0.74094441,-0.7805879436363634,1.5040565,-0.20214610000000022,67.51728901218289
2019-09-01,3.605,1.6995,0.1125,1.5870000000000002,1482725.25,1.56044845,0.23500552,1.1464023,0.34548342,1.9055,-0.9113967800000001,-0.44143738999999993,1.48272525,-0.21002674999999993,76.92695477578697
2019-10-01,3.6879999999999997,1.7068181818181818,0.1459090909090909,1.560909090909091,1460269.2,1.64198724,0.36832453,1.184165,0.37600307,1.981181818181818,-0.8158404699999999,-0.679496658181818,1.4602692,-0.21765220000000007,82.13628964296123
2019-11-01,3.6950000000000003,1.8121052631578947,0.17157894736842105,1.6405263157894736,1439196.5,1.67935282,0.43361185,1.1995382,0.39646307,1.8828947368421056,-0.7659263500000001,-0.6973224768421054,1.4391965,-0.2245815,80.9187425142702
2019-12-01,3.72,1.8628571428571428,0.14476190476190476,1.7180952380952381,1422466.5,1.7145255,0.51426493,1.2196729,0.41997208,1.8571428571428574,-0.70540797,-0.7859053671428573,1.4224665,-0.22572099999999984,77.90780016423943
2020-01-01,3.624,1.7576190476190479,0.03666666666666667,1.720952380952381,1401520.4,1.7346773,0.50509631,1.2199695,0.43233388,1.8663809523809523,-0.7148731899999999,-0.9144884423809518,1.4015203999999999,-0.2300154000000001,72.81250702433091
2020-02-01,3.4650000000000003,1.5042105263157897,-0.11157894736842106,1.6157894736842104,1384110.5,1.61900368,0.31598579,1.1906984,0.4189623,1.9607894736842106,-0.87471261,-0.8497412436842104,1.3841105,-0.23227050000000005,70.09482202444713
2020-03-01,3.45,0.87,-0.11681818181818181,0.9868181818181818,1373732.75,1.26977517,-0.12783745,1.019973,0.013884727,2.58,-1.14781045,-0.28582244700000004,1.37373275,-0.22815999999999992,111.91098137865205
2020-04-01,3.306,0.6576190476190477,-0.4457142857142857,1.1033333333333335,1542560.0,1.15834975,-0.11159442,1.0322013,0.09733877,2.6483809523809523,-1.1437957200000002,-0.4864750523809521,1.54256,-0.04668150000000004,140.76471568328668
2020-05-01,3.2325,0.674,-0.4415,1.1155,1771773.0,1.16234276,-0.02785652,1.0736871,0.18457085,2.5585,-1.10154362,-0.64505709,1.771773,0.20371640000000002,142.266509766028
2020-06-01,3.1625,0.7286363636363636,-0.5445454545454546,1.2731818181818182,1883342.75,1.23186673,-0.15369936,1.068222,0.19916694,2.4338636363636366,-1.22192136,-0.5486979463636362,1.88334275,0.33525974999999986,105.77205738588418
2020-07-01,3.016,0.6236363636363637,-0.8327272727272728,1.4563636363636363,1935030.0,1.34690049,-0.3453445,1.0530717,0.23820052,2.3923636363636365,-1.3984162,-0.6161201463636362,1.93503,0.40985760000000004,66.17306936466797
2020-08-01,2.935,0.65,-1.0114285714285716,1.6614285714285715,1948534.75,1.34095578,-0.407134,1.0731986,0.26461039,2.285,-1.4803326,-0.54843217,1.94853475,0.4444782500000002,56.10780719894584
2020-09-01,2.89,0.6795238095238095,-0.9766666666666668,1.6561904761904762,1982302.6,1.35099923,-0.34333693,1.1089133,0.30473418,2.2104761904761907,-1.45225023,-0.6328726704761906,1.9823026000000001,0.49957735000000003,44.14805698251062
2020-10-01,2.834,0.7871428571428571,-0.9166666666666666,1.7038095238095239,2019292.0,1.33753773,-0.29173845,1.136073,0.33756408,2.046857142857143,-1.42781145,-0.5962205028571428,2.019292,0.5590228000000002,44.0226301920808
2020-11-01,2.765,0.8700000000000001,-0.8421052631578947,1.7121052631578948,2013865.0,1.37663264,-0.21395564,1.1655101,0.36912212,1.895,-1.37946574,-0.66179912,2.013865,0.5746685,57.632914954958046
2020-12-01,2.684,0.9336363636363636,-0.9822727272727273,1.9159090909090908,2042482.4,1.41717038,-0.23232146,1.1646201,0.38246918,1.7503636363636366,-1.3969415600000001,-0.6336817363636362,2.0424824,0.6200158999999998,61.23286562734349
2021-01-01,2.735,1.0810526315789473,-1.0005263157894737,2.081578947368421,2062157.25,1.37942385,-0.23501721,1.1682306,0.39110134,1.6539473684210526,-1.40324781,-0.45445534842105273,2.06215725,0.6606368499999999,61.79280334071448
2021-02-01,2.81,1.2578947368421052,-0.9221052631578948,2.18,2122704.75,1.42757598,-0.2308238,1.1722263,0.4001646,1.5521052631578949,-1.4030501,-0.33902204315789475,2.12270475,0.73859425,55.09537670044025
2021-03-01,3.0825,1.6108695652173912,-0.6643478260869565,2.2752173913043476,2181551.0,1.4974036,0.01250687,1.2057374,0.40888522,1.4716304347826088,-1.1932305300000001,-0.3079261247826086,2.181551,0.8078182499999997,63.75416323506498
2021-04-01,3.06,1.635,-0.7145454545454546,2.3495454545454546,2217999.25,1.58314707,0.11804694,1.2015461,0.37993136,1.425,-1.0834991600000001,-0.4461253700000001,2.21799925,0.6754392500000002,69.00715087467323
2021-05-01,2.9625,1.621,-0.8470000000000001,2.468,2226119.0,1.57835302,0.03694758,1.1745436,0.35927425,1.3415,-1.13759602,-0.3535748500000002,2.226119,0.45434600000000014,65.998389867366
2021-06-01,2.975,1.5190909090909093,-0.8236363636363637,2.3427272727272728,2298091.2,1.59628851,-0.00566485,1.1466392,0.33403188,1.4559090909090908,-1.1523040500000001,-0.40556463090909056,2.2980912,0.41474845000000005,55.61873205250268
2021-07-01,2.868,1.3185714285714287,-1.0090476190476192,2.3276190476190477,2382238.75,1.62481074,0.03504108,1.1560817,0.35313136,1.5494285714285712,-1.12104062,-0.6944117514285713,2.38223875,0.44720874999999993,59.672960617670135
2021-08-01,2.8425000000000002,1.2831818181818182,-1.0654545454545454,2.3486363636363636,2418318.75,1.58016294,-0.26101879,1.1061539,0.38610663,1.559318181818182,-1.36717269,-0.42206896181818165,2.41831875,0.469784,65.99045156296314
2021-09-01,2.9,1.3747619047619049,-0.9695238095238095,2.3442857142857143,2484306.6,1.64278592,-0.19473087,1.1518996,0.39175913,1.525238095238095,-1.34663047,-0.465052275238095,2.4843066,0.5020039999999999,65.49590938927543
2021-10-01,3.0675,1.5825,-0.9525,2.535,2516054.25,1.61273952,0.08790114,1.1640596,0.38846843,1.4849999999999999,-1.07615846,-0.50660909,2.51605425,0.49676224999999974,62.10064284161858
2021-11-01,3.0675,1.5595,-1.0565,2.616,2583586.75,1.75849648,0.16399788,1.1802303,0.37864796,1.5079999999999998,-1.0162324200000001,-0.7416423199999997,2.58358675,0.5697217499999998,66.75063355549044
2021-12-01,3.098,1.4649999999999999,-0.9931818181818183,2.458181818181818,2607017.0,1.75897506,0.09168917,1.1718709,0.38081712,1.633,-1.08018173,-0.7664813500000003,2.607017,0.5645346,80.04966697457057
2022-01-01,3.4450000000000003,1.764,-0.6855,2.4495,2644552.25,1.7965635,0.3194951,1.2068075,0.40110966,1.6810000000000003,-0.8873124000000001,-0.75316826,2.64455225,0.582395,82.05368256883051
2022-02-01,3.7625,1.9342105263157894,-0.5236842105263158,2.4578947368421056,2686044.0,1.92112169,0.44159289,1.2171895,0.40137972,1.8282894736842108,-0.7755966099999999,-0.8298837736842106,2.686044,0.5633392499999998,84.42587708229802
2022-03-01,4.172,2.1278260869565218,-0.7186956521739131,2.8465217391304347,2713332.0,1.94721641,0.34708992,1.1623305,0.34034781,2.044173913043478,-0.81524058,-0.5068280530434781,2.713332,0.5317810000000001,95.46145492918411
2022-04-01,4.9825,2.7475,-0.1365,2.884,2725309.75,2.21125412,0.94940027,1.4173954,0.50830429,2.235,-0.4679951299999999,-0.9214586799999998,2.72530975,0.5073105,108.63460278799737
2022-05-01,5.2299999999999995,2.8980952380952383,0.20952380952380953,2.6885714285714286,2717827.5,2.37039462,1.20389776,1.4372574,0.51323801,2.3319047619047613,-0.23335963999999998,-1.1894351519047621,2.7178275,0.49170849999999966,115.87905027626172
2022-06-01,5.522,3.1433333333333335,0.5257142857142857,2.6176190476190477,2716120.4,2.40126382,1.02509351,1.3482276,0.4652208,2.3786666666666667,-0.32313408999999993,-0.7482447966666665,2.7161204,0.4180291999999999,120.27520154296542
2022-07-01,5.4125,2.896,0.534,2.362,2715578.25,2.22257318,1.06217493,1.3112157,0.36556637,2.5164999999999997,-0.2490407699999999,-0.7543144799999997,2.71557825,0.3333395000000001,131.09851055947257
2022-08-01,5.2225,2.8978260869565218,0.3895652173913044,2.508260869565217,2719557.4,2.09959153,0.8556253,1.2694036,0.3956813,2.3246739130434784,-0.41377829999999993,-0.4530720430434787,2.7195574,0.3012386499999997,133.25725756168725
2022-09-01,6.112,3.5190476190476194,1.1366666666666667,2.3823809523809523,2710215.5,2.36598926,1.20424868,1.3973509,0.5078873,2.5929523809523807,-0.19310221999999988,-0.5590776209523809,2.7102155,0.22590889999999986,123.65089588721932
2022-10-01,6.9,3.9835000000000003,1.59,2.3935,2693371.5,2.37080895,1.79733203,1.4823361,0.55551203,2.9165,0.31499593000000004,-0.7401530099999993,2.6933715,0.1773172500000002,129.1290488841692
2022-11-01,6.805,3.8909999999999996,1.52,2.371,2672953.4,2.45466999,1.93071305,1.4993449,0.55651039,2.914,0.43136814999999995,-1.0508934300000008,2.6729534,0.0893666500000001,135.2495350352806
2022-12-01,6.364,3.616190476190476,1.3566666666666667,2.2595238095238095,2653003.25,2.21937769,1.57612515,1.4022366,0.49350807,2.747809523809524,0.17388855000000003,-0.672820433809524,2.65300325,0.045986249999999895,144.9932941228453
2023-01-01,6.2725,3.5315,1.2945,2.237,2636869.75,2.28560928,1.78309897,1.3946749,0.49550677,2.741,0.3884240699999999,-1.0327150200000008,2.63686975,-0.0076825000000000365,131.15045447317925
2023-02-01,6.2575,3.7468421052631578,1.4131578947368422,2.333684210526316,2623307.5,2.10573941,1.42020217,1.3155493,0.45293449,2.5106578947368425,0.10465287000000001,-0.23203396473684235,2.6233075,-0.06273649999999975,123.78649964959543
2023-03-01,6.544,3.6630434782608696,1.3608695652173914,2.3021739130434784,2605707.2,2.25862414,2.05963636,1.4730827,0.57070572,2.88095652173913,0.5865536599999999,-1.2259227417391299,2.6057072000000003,-0.10762479999999952,125.20525106446576
2023-04-01,6.342499999999999,3.46,1.1935,2.2664999999999997,2589444.5,2.10348814,1.44391386,1.3602682,0.50311937,2.8824999999999994,0.08364566000000018,-0.5905213700000003,2.5894445,-0.13586525000000016,126.57631208270921
2023-05-01,6.425,3.5736363636363637,1.36,2.213636363636364,2570929.8,2.16281462,1.53690406,1.3745858,0.50859474,2.851363636363636,0.16231825999999994,-0.6346770563636359,2.5709297999999996,-0.14689770000000024,129.13487729108334
2023-06-01,6.714,3.7480952380952384,1.5476190476190477,2.2004761904761905,2551974.0,1.75489679,1.06063107,1.11486,0.035729168,2.965904761904762,-0.054228930000000064,0.8968382100952383,2.551974,-0.16414639999999991,113.88936861185613
2023-07-01,6.84,3.8994999999999997,1.6030000000000002,2.2965,2532973.5,2.06401319,1.4260473,1.3092147,0.1835052,2.9405,0.11683259999999995,0.22593430999999997,2.5329735,-0.18260474999999987,109.47676103695478
2023-08-01,7.072,4.167826086956522,1.8326086956521739,2.3352173913043477,2512922.2,2.13876555,1.60209539,1.3411725,0.27482523,2.9041739130434783,0.2609228899999998,0.1521399169565214,2.5129222,-0.20663519999999957,108.0238458517839
2023-09-01,7.2,4.379,2.037,2.342,2492981.5,2.22221813,1.69970754,1.3632687,0.35592982,2.8210000000000006,0.3364388399999998,0.10114451000000013,2.4929815,-0.21723399999999993,107.3294250230181
2023-10-01,7.62,4.798095238095239,2.4119047619047618,2.386190476190476,2475502.75,2.36266313,2.08246076,1.4604398,0.45779053,2.8219047619047615,0.62202096,-0.10481918190476058,2.47550275,-0.21786875000000006,108.85633430904996
2023-11-01,7.442,4.502857142857143,2.198571428571429,2.3042857142857143,2459075.0,2.38411387,2.09432864,1.4445712,0.48641041,2.9391428571428575,0.6497574400000001,-0.46199577714285844,2.459075,-0.21387840000000002,117.23625934176674
2023-12-01,6.815,4.0200000000000005,1.8355000000000001,2.1845,2442300.25,2.27841034,1.68089907,1.349856,0.48027438,2.795,0.33104307,-0.4195837899999999,2.44230025,-0.21070299999999964,126.88231893107641
2024-01-01,6.6425,4.058095238095238,1.7919047619047621,2.2661904761904763,2428211.2,2.16450727,1.68087145,1.3239901,0.47696155,2.5844047619047616,0.3568813499999999,-0.26424503190476223,2.4282112000000002,-0.20865854999999955,118.76822493028473
2024-02-01,6.776000000000001,4.2075000000000005,1.925,2.2824999999999998,2412959.5,2.14620097,1.6168231,1.2947154,0.45796103,2.5685000000000002,0.3221076999999999,-0.013485099999999584,2.4129595,-0.2103480000000002,112.54656768694954
2024-03-01,6.82,4.2085,1.8969999999999998,2.3114999999999997,2398724.25,2.21875271,1.92596928,1.3377186,0.50813875,2.6115000000000004,0.5882506799999998,-0.4443607399999996,2.39872425,-0.20698295000000044,97.14294124392207
2024-04-01,6.9925,4.539090909090909,2.145,2.394090909090909,2387457.75,2.34296136,1.93819396,1.3444391,0.50397493,2.4534090909090907,0.59375486,-0.24603934090909085,2.38745775,-0.2019867500000001,98.18253855828593
2024-05-01,7.06,4.482272727272727,2.148181818181818,2.334090909090909,2367792.6,2.45150113,2.10339878,1.3870562,0.51480454,2.577727272727272,0.7163425800000001,-0.5874317227272723,2.3677926,-0.20313719999999957,89.13269065749805
2024-06-01,6.9175,4.3052631578947365,2.05,2.255263157894737,2349980.25,2.36706367,1.99956671,1.3476623,0.48055717,2.612236842105264,0.65190441,-0.5419243921052637,2.34998025,-0.20199374999999975,95.39315117066502
2024-07-01,6.8475,4.248636363636364,1.9740909090909091,2.2745454545454544,2331666.4,2.36818604,2.04839593,1.3439086,0.48813435,2.598863636363636,0.7044873299999999,-0.6560799563636355,2.3316664,-0.20130710000000018,92.16750380825157
2024-08-01,6.5,3.8709090909090906,1.760909090909091,2.11,2312547.75,2.16406862,1.66418984,1.2713805,0.45146369,2.6290909090909094,0.3928093399999999,-0.4088130590909089,2.31254775,-0.20037445000000043,97.863824293055
2024-09-01,6.18,3.7235,1.616,2.1075,2295351.0,2.12450669,1.58158069,1.2509449,0.4481923,2.4564999999999997,0.3306357900000001,-0.4307796800000001,2.295351,-0.19763049999999982,88.43381454464703
2024-10-01,6.428,4.095454545454545,1.8095454545454546,2.2859090909090907,2278164.6,2.11629084,1.48014834,1.2257438,0.41745886,2.332545454545455,0.2544045399999999,0.08155650545454485,2.2781646,-0.19733814999999977,84.79481304555055
2024-11-01,6.805,4.35578947368421,2.034736842105263,2.3210526315789473,2260796.75,2.3321638,1.95841688,1.3885993,0.51349039,2.44921052631579,0.5698175799999998,-0.44828159631579023,2.26079675,-0.19827825,81.33567876551045
2024-12-01,6.715,4.3914285714285715,2.0880952380952382,2.3033333333333332,2248057.5,2.32446872,1.82436879,1.3392721,0.49109892,2.3235714285714284,0.48509669,-0.2485078585714282,2.2480575,-0.19424275000000035,86.5478072260551
2025-01-01,6.958,4.629047619047618,2.2285714285714286,2.40047619047619,2229425.2,2.4442605,2.05553249,1.3682678,0.5046857,2.3289523809523818,0.6872646900000001,-0.3754310709523807,2.2294252,-0.19878600000000013,87.38523014238048
2025-02-01,6.842499999999999,4.451052631578947,2.026842105263158,2.4242105263157896,2213999.75,2.46766707,2.02768935,1.3487411,0.50138133,2.391447368421052,0.6789482500000001,-0.5456851184210532,2.21399975,-0.19895974999999977,84.6428027326707
2025-03-01,6.65,4.2804761904761905,1.946190476190476,2.3342857142857145,2199718.5,2.29565598,1.85917469,1.2798038,0.44933212,2.36952380952381,0.5793708899999999,-0.3236865995238096,2.1997185,-0.19900574999999998,84.7486886790792
2025-04-01,6.725,4.279047619047619,2.038095238095238,2.2409523809523813,2185044.4,2.35127536,1.67048701,1.2518354,0.4542802,2.445952380952381,0.41865160999999995,-0.19699495095238095,2.1850443999999998,-0.20241335000000005,96.00432610920316
2025-05-01,6.816,4.423809523809524,2.1104761904761906,2.3133333333333335,2167836.75,2.30900499,1.66614308,1.2525084,0.44419598,2.3921904761904758,0.41363468000000014,0.004465473809523779,2.16783675,-0.19995584999999982,100.83067734147538
2025-06-01,6.8175,4.3835,2.0865,2.2969999999999997,2151746.5,2.34697544,1.86923994,1.2863333,0.47077174,2.434,0.58290664,-0.3034871199999998,2.1517465,-0.19823375000000043,99.33617418044825
2025-07-01,6.720000000000001,4.391818181818182,2.0081818181818183,2.3836363636363633,2134174.8,2.33880069,1.65988735,1.2500088,0.46210823,2.328181818181819,0.40987854999999995,-0.06897808818181783,2.1341748,-0.1974916000000002,86.25143836144541
2025-08-01,6.5875,4.2647619047619045,1.8828571428571428,2.381904761904762,2115222.0,2.27835771,1.56632926,1.2184591,0.39496386,2.322738095238096,0.34787016000000004,0.025111074761904995,2.115222,-0.19732574999999963,77.78836545298292
2025-09-01,6.3525,4.12047619047619,1.749047619047619,2.3714285714285714,2101922.5,2.29884242,1.56519918,1.2255211,0.41683119,2.2320238095238096,0.3396780800000001,-0.1603965995238097,2.1019225,-0.1934285,69.77046603160372
2025-10-01,6.254,4.0618181818181816,1.7568181818181818,2.305,2082106.2,2.29642109,1.55378693,1.2244823,0.42051948,2.192181818181818,0.32930463,-0.2089093181818189,2.0821062,-0.19605840000000008,64.73682044163151
2025-11-01,6.2375,4.0938888888888885,1.8277777777777777,2.266111111111111,2065874.5,2.30712971,1.60842769,1.2391233,0.42628316,2.1436111111111114,0.36930439000000015,-0.24795167111111116,2.0658745,-0.19492224999999985,59.73534984495858
2025-12-01,6.1899999999999995,4.1431818181818185,1.8990909090909092,2.244090909090909,2050081.0,2.347133,1.45728631,1.2098343,0.44495794,2.046818181818181,0.24745200999999994,-0.1061954318181817,2.050081,-0.19797649999999978,56.88533696402774
2026-01-01,6.1025,4.2135,1.907,2.3064999999999998,2034399.5,2.33188071,1.66607473,1.249855,0.44873505,1.8890000000000002,0.4162197300000001,-0.23319049000000014,2.0343995,-0.19502569999999997,53.055898721356314
2026-02-01,6.0475,4.12578947368421,1.8247368421052632,2.3010526315789472,2020391.25,2.37049821,1.74809329,1.2678516,0.45840057,1.92171052631579,0.48024168999999994,-0.45120259631578996,2.02039125,-0.1936085000000003,51.871805703935344
2026-03-01,6.1775,4.245909090909091,1.9090909090909092,2.3368181818181815,2006971.5,2.19472618,1.47473279,1.1272891,0.20909164,1.9315909090909091,0.34744368999999997,0.36735848090909107,2.0069715,-0.19274699999999978,59.501844872223984
2026-04-01,6.332,4.319090909090909,1.9368181818181818,2.3822727272727273,1992834.8,2.41878465,1.59387191,1.1919907,0.29203643,2.0129090909090905,0.40188121,0.014397919090909816,1.9928348,-0.19220959999999976,70.4113286970403
2026-05-01,6.4425,4.484,2.039,2.445,1976141.75,2.4874849,1.62800806,1.2165832,0.33869724,1.9585,0.4114248599999999,0.029809799999999775,1.97614175,-0.19169500000000017,72.8662579960811
2026-06-01,6.49,4.47047619047619,2.179047619047619,2.2914285714285714,1963990.0,2.46542426,1.91509119,1.3018587,0.37144235,2.01952380952381,0.6132324900000001,-0.2814816095238095,1.96399,-0.18775649999999988,73.08155476966616
2026-07-01,6.542,4.599545454545455,2.3531818181818185,2.2463636363636366,1944155.2,2.43582047,2.07327559,1.3094806,0.41358603,1.9424545454545452,0.7637949900000001,-0.32313663545454574,1.9441552,-0.19001959999999984,68.83840525214521
2026-08-01,6.6675,4.684285714285714,2.3971428571428572,2.2871428571428574,1926505.75,2.4985705,2.19089045,1.3203746,0.4322965,1.9832142857142863,0.8705158499999999,-0.43747173571428544,1.92650575,-0.18871625000000014,69.91007386757421
2026-09-01,6.8625,4.989047619047619,2.638095238095238,2.3509523809523807,1909838.2,2.57264358,2.24490054,1.3354966,0.45791264,1.873452380952381,0.9094039400000002,-0.28640914095238124,1.9098382,-0.1920843000000001,69.16883792404221
